{"cameraMode":{"drawMode":0,"name":"Shaded","section":"Shading Mode"},"sceneLighting":true,"audioPlay":false,"sceneViewState":{"showFog":true,"showMaterialUpdate":false,"showSkybox":true,"showFlares":true,"showImageEffects":true,"showParticleSystems":true},"in2DMode":false,"pivot":{"x":0.3691674470901489,"y":5.138279438018799,"z":-5.05861759185791},"rotation":{"x":-0.0790058895945549,"y":0.13358238339424134,"z":-0.01068433653563261,"w":-0.9878358840942383},"size":4.07055139541626,"orthographic":false}