{"cameraMode":{"drawMode":0,"name":"Shaded","section":"Shading Mode"},"sceneLighting":true,"audioPlay":false,"sceneViewState":{"showFog":true,"showMaterialUpdate":false,"showSkybox":true,"showFlares":true,"showImageEffects":true,"showParticleSystems":true},"in2DMode":false,"pivot":{"x":1.8723928928375245,"y":2.1526222229003908,"z":-4.314445495605469},"rotation":{"x":0.7365410327911377,"y":-0.2620360255241394,"z":0.41344332695007326,"w":0.4668160378932953},"size":0.8872701525688171,"orthographic":true}