{"cameraMode":{"drawMode":0,"name":"Shaded","section":"Shading Mode"},"sceneLighting":true,"audioPlay":false,"sceneViewState":{"showFog":true,"showMaterialUpdate":false,"showSkybox":true,"showFlares":true,"showImageEffects":true,"showParticleSystems":true},"in2DMode":false,"pivot":{"x":3.5737388134002687,"y":3.1937193870544435,"z":6.108396530151367},"rotation":{"x":-0.009665568359196186,"y":-0.9759630560874939,"z":0.044251278042793277,"w":-0.21320626139640809},"size":7.795872688293457,"orthographic":false}