{"cameraMode":{"drawMode":0,"name":"Shaded","section":"Shading Mode"},"sceneLighting":false,"audioPlay":false,"sceneViewState":{"showFog":true,"showMaterialUpdate":false,"showSkybox":false,"showFlares":true,"showImageEffects":true,"showParticleSystems":true},"in2DMode":false,"pivot":{"x":18.588855743408204,"y":5.388445854187012,"z":34.85175704956055},"rotation":{"x":-0.2844989001750946,"y":-0.5279715657234192,"z":0.19365690648555757,"w":-0.7765096426010132},"size":21.736263275146486,"orthographic":false}