{"cameraMode":{"drawMode":0,"name":"Shaded","section":"Shading Mode"},"sceneLighting":false,"audioPlay":false,"sceneViewState":{"showFog":true,"showMaterialUpdate":false,"showSkybox":false,"showFlares":true,"showImageEffects":true,"showParticleSystems":true},"in2DMode":false,"pivot":{"x":31.54305648803711,"y":-4.569015026092529,"z":-1.4821735620498658},"rotation":{"x":-0.011706247925758362,"y":0.7939794063568115,"z":-0.015721358358860017,"w":-0.6080638766288757},"size":0.5915952920913696,"orthographic":false}