{"cameraMode":{"drawMode":0,"name":"Shaded","section":"Shading Mode"},"sceneLighting":false,"audioPlay":false,"sceneViewState":{"showFog":true,"showMaterialUpdate":false,"showSkybox":false,"showFlares":true,"showImageEffects":true,"showParticleSystems":true},"in2DMode":false,"pivot":{"x":-0.11373674869537354,"y":1.2097307443618775,"z":0.3199819326400757},"rotation":{"x":0.005883535835891962,"y":-0.9065625667572022,"z":0.01358219888061285,"w":0.4223012328147888},"size":3.6572508811950685,"orthographic":false}