{"cameraMode":{"drawMode":0,"name":"Shaded","section":"Shading Mode"},"sceneLighting":false,"audioPlay":false,"sceneViewState":{"showFog":true,"showMaterialUpdate":false,"showSkybox":false,"showFlares":true,"showImageEffects":true,"showParticleSystems":true},"in2DMode":false,"pivot":{"x":1.0477845668792725,"y":-0.0016211271286010743,"z":-2.060587167739868},"rotation":{"x":-0.003685011761263013,"y":0.9950339198112488,"z":0.0450516976416111,"w":0.09097833931446076},"size":5.374483585357666,"orthographic":false}