{"cameraMode":{"drawMode":0,"name":"Shaded","section":"Shading Mode"},"sceneLighting":false,"audioPlay":false,"sceneViewState":{"showFog":true,"showMaterialUpdate":false,"showSkybox":false,"showFlares":true,"showImageEffects":true,"showParticleSystems":true},"in2DMode":false,"pivot":{"x":-10.655671119689942,"y":-3.8380074501037599,"z":-1.2207365036010743},"rotation":{"x":-0.0055740452371537689,"y":0.9261482357978821,"z":0.014151416718959809,"w":0.37740471959114077},"size":4.465814590454102,"orthographic":false}