{"cameraMode":{"drawMode":0,"name":"Shaded","section":"Shading Mode"},"sceneLighting":false,"audioPlay":false,"sceneViewState":{"showFog":true,"showMaterialUpdate":false,"showSkybox":false,"showFlares":true,"showImageEffects":true,"showParticleSystems":true},"in2DMode":false,"pivot":{"x":4.76837158203125e-7,"y":3.1316001415252687,"z":-4.76837158203125e-7},"rotation":{"x":-0.0957590863108635,"y":-0.8891788125038147,"z":0.39080536365509035,"w":-0.21787600219249726},"size":21.554149627685548,"orthographic":false}