{"cameraMode":{"drawMode":0,"name":"Shaded","section":"Shading Mode"},"sceneLighting":false,"audioPlay":false,"sceneViewState":{"showFog":true,"showMaterialUpdate":false,"showSkybox":false,"showFlares":true,"showImageEffects":true,"showParticleSystems":true},"in2DMode":false,"pivot":{"x":-4.735498905181885,"y":4.117288589477539,"z":1.9787631034851075},"rotation":{"x":0.048309218138456348,"y":0.8235616683959961,"z":-0.07019124180078507,"w":0.5611602067947388},"size":1.0684313774108887,"orthographic":false}