{"cameraMode":{"drawMode":0,"name":"Shaded","section":"Shading Mode"},"sceneLighting":false,"audioPlay":false,"sceneViewState":{"showFog":true,"showMaterialUpdate":false,"showSkybox":false,"showFlares":true,"showImageEffects":true,"showParticleSystems":true},"in2DMode":false,"pivot":{"x":-1.6333575248718262,"y":7.142134666442871,"z":10.405237197875977},"rotation":{"x":0.007545810658484697,"y":0.9892644882202148,"z":-0.13777409493923188,"w":0.05220716819167137},"size":0.331879198551178,"orthographic":false}