{"cameraMode":{"drawMode":0,"name":"Shaded","section":"Shading Mode"},"sceneLighting":false,"audioPlay":false,"sceneViewState":{"showFog":true,"showMaterialUpdate":false,"showSkybox":false,"showFlares":true,"showImageEffects":true,"showParticleSystems":true},"in2DMode":false,"pivot":{"x":0.0,"y":0.5069645047187805,"z":-0.06887075304985047},"rotation":{"x":-0.20481427013874055,"y":-0.6678383350372315,"z":0.19899924099445344,"w":-0.6873512268066406},"size":3.270458936691284,"orthographic":false}