{"cameraMode":{"drawMode":0,"name":"Shaded","section":"Shading Mode"},"sceneLighting":false,"audioPlay":false,"sceneViewState":{"showFog":true,"showMaterialUpdate":false,"showSkybox":false,"showFlares":true,"showImageEffects":true,"showParticleSystems":true},"in2DMode":false,"pivot":{"x":0.06450453400611878,"y":-0.0029999911785125734,"z":0.0020000040531158449},"rotation":{"x":-0.011706247925758362,"y":0.7939794063568115,"z":-0.015721358358860017,"w":-0.6080638766288757},"size":1.6948052644729615,"orthographic":false}